{
  "test": "fitness_discrimination",
  "bonf_alpha": 0.016666666666666666,
  "kruskal_wallis": {
    "h_stat": 168.06332645224919,
    "p_value": 3.2026712097983457e-37
  },
  "pairwise": {
    "food vs toxin": {
      "r": -0.46506249999999993,
      "p": 5.0015416417371276e-30,
      "bonf_sig": true
    },
    "food vs noise": {
      "r": -0.654625,
      "p": 2.2931972746435557e-20,
      "bonf_sig": true
    },
    "toxin vs noise": {
      "r": -0.18006250000000001,
      "p": 0.010978607401544967,
      "bonf_sig": true
    }
  },
  "means": {
    "food": 0.3558983807792324,
    "toxin": 0.3037636225477191,
    "noise": 0.2869557491491709
  },
  "medians": {
    "food": 0.3543236463181318,
    "toxin": 0.29881703538791654,
    "noise": 0.27956886498615674
  }
}